product_id,title,name,set_code,card_no,rarity,form,release_date,search_keyword,must_keywords,exclude_keywords,surugaya_url,surugaya_kaitori_url,supply_status,graded,active
pkm_sv4a_349_lizardon_sar,pokemon,リザードンex SAR,SV4a,349/190,SAR,single,2023-12-01,リザードンex SAR 349/190,リザードン|SAR,PSA|BGS|ARS|プロキシ|スリーブ|デッキ|まとめ|セット,https://www.suruga-ya.jp/product/detail/GN285556,https://www.suruga-ya.jp/kaitori/kaitori_detail/GN285556,active,0,1
pkm_sv4a_350_nanjamo_sar,pokemon,ナンジャモ SAR,SV4a,350/190,SAR,single,2023-12-01,ナンジャモ SAR 350/190,ナンジャモ|SAR,PSA|BGS|ARS|プロキシ|スリーブ|デッキ|まとめ|セット,https://www.suruga-ya.jp/product/detail/GN285557,https://www.suruga-ya.jp/kaitori/kaitori_detail/GN285557,active,0,1
pkm_sv2a_201_lizardon_sar,pokemon,リザードンex SAR,SV2a,201/165,SAR,single,2023-06-16,リザードンex SAR 201/165,リザードン|SAR,PSA|BGS|ARS|プロキシ|スリーブ|デッキ|まとめ|セット,https://www.suruga-ya.jp/product/detail/GL945204,https://www.suruga-ya.jp/kaitori/kaitori_detail/GL945204,active,0,1
pkm_sv2d_096_nanjamo_sar,pokemon,ナンジャモ SAR,SV2D,096/071,SAR,single,2023-04-14,ナンジャモ SAR 096/071,ナンジャモ|SAR,PSA|BGS|ARS|プロキシ|スリーブ|デッキ|まとめ|セット,https://www.suruga-ya.jp/product/detail/GL864539,https://www.suruga-ya.jp/kaitori/kaitori_detail/GL864539,discontinued,0,1
pkm_sv2d_091_nanjamo_sr,pokemon,ナンジャモ SR,SV2D,091/071,SR,single,2023-04-14,ナンジャモ SR 091/071,ナンジャモ|SR,PSA|BGS|ARS|プロキシ|スリーブ|デッキ|まとめ|セット|SAR,https://www.suruga-ya.jp/product/detail/GL849948,https://www.suruga-ya.jp/kaitori/kaitori_detail/GL849948,discontinued,0,1
pkm_sv6_130_zeiyu_sar,pokemon,ゼイユ SAR,SV6,130/101,SAR,single,2024-04-26,ゼイユ SAR 130/101,ゼイユ|SAR,PSA|BGS|ARS|プロキシ|スリーブ|デッキ|まとめ|セット,https://www.suruga-ya.jp/product/detail/GN486599,https://www.suruga-ya.jp/kaitori/kaitori_detail/GN486599,active,0,1
pkm_sv7_131_taro_sar,pokemon,タロ SAR,SV7,131/102,SAR,single,2024-07-19,タロ SAR 131/102,タロ|SAR,PSA|BGS|ARS|プロキシ|スリーブ|デッキ|まとめ|セット,https://www.suruga-ya.jp/product/detail/GN596195,https://www.suruga-ya.jp/kaitori/kaitori_detail/GN596195,active,0,1
pkm_sv4k_090_todoroku_sar,pokemon,トドロクツキex SAR,SV4K,090/066,SAR,single,2023-10-27,トドロクツキex SAR 090/066,トドロクツキ|SAR,PSA|BGS|ARS|プロキシ|スリーブ|デッキ|まとめ|セット,https://www.suruga-ya.jp/product/detail/GN228514,https://www.suruga-ya.jp/kaitori/kaitori_detail/GN228514,active,0,1
pkm_sv11b_168_kyurem_sar,pokemon,キュレムex SAR,SV11B,168/086,SAR,single,2025-06-06,キュレムex SAR 168/086,キュレム|SAR,PSA|BGS|ARS|プロキシ|スリーブ|デッキ|まとめ|セット,https://www.suruga-ya.jp/product/detail/GU237241,https://www.suruga-ya.jp/kaitori/kaitori_detail/GU237241,active,0,1
pkm_sv11b_172_genesect_sar,pokemon,ゲノセクトex SAR,SV11B,172/086,SAR,single,2025-06-06,ゲノセクトex SAR 172/086,ゲノセクト|SAR,PSA|BGS|ARS|プロキシ|スリーブ|デッキ|まとめ|セット,https://www.suruga-ya.jp/product/detail/GU237245,https://www.suruga-ya.jp/kaitori/kaitori_detail/GU237245,active,0,1
pkm_sv11b_169_keldeo_sar,pokemon,ケルディオex SAR,SV11B,169/086,SAR,single,2025-06-06,ケルディオex SAR 169/086,ケルディオ|SAR,PSA|BGS|ARS|プロキシ|スリーブ|デッキ|まとめ|セット,https://www.suruga-ya.jp/product/detail/GU237570,https://www.suruga-ya.jp/kaitori/kaitori_detail/GU237570,active,0,1
pkm_s12a_236_kai_sar,pokemon,カイ SAR,S12a,236/172,SAR,single,2022-12-02,カイ SAR 236/172,カイ|SAR,PSA|BGS|ARS|プロキシ|スリーブ|デッキ|まとめ|セット,https://www.suruga-ya.jp/product/detail/GL686922,https://www.suruga-ya.jp/kaitori/kaitori_detail/GL686922,discontinued,0,1
pkm_s12a_242_tsutsuji_sar,pokemon,ツツジ SAR,S12a,242/172,SAR,single,2022-12-02,ツツジ SAR 242/172,ツツジ|SAR,PSA|BGS|ARS|プロキシ|スリーブ|デッキ|まとめ|セット,https://www.suruga-ya.jp/product/detail/GL686928,https://www.suruga-ya.jp/kaitori/kaitori_detail/GL686928,discontinued,0,1
pkm_s12a_240_seki_sar,pokemon,セキ SAR,S12a,240/172,SAR,single,2022-12-02,セキ SAR 240/172,セキ|SAR,PSA|BGS|ARS|プロキシ|スリーブ|デッキ|まとめ|セット,https://www.suruga-ya.jp/product/detail/GL686926,https://www.suruga-ya.jp/kaitori/kaitori_detail/GL686926,discontinued,0,1
pkm_s12a_226_lucario_sar,pokemon,ルカリオVSTAR SAR,S12a,226/172,SAR,single,2022-12-02,ルカリオVSTAR SAR 226/172,ルカリオ|SAR,PSA|BGS|ARS|プロキシ|スリーブ|デッキ|まとめ|セット,https://www.suruga-ya.jp/product/detail/GL686912,https://www.suruga-ya.jp/kaitori/kaitori_detail/GL686912,discontinued,0,1
pkm_sv1_100_mimoza_sr,pokemon,ミモザ SR,SV1,100/078,SR,single,2023-01-20,ミモザ SR 100/078,ミモザ|SR,PSA|BGS|ARS|プロキシ|スリーブ|デッキ|まとめ|セット,https://www.suruga-ya.jp/product/detail/GL747309,https://www.suruga-ya.jp/kaitori/kaitori_detail/GL747309,discontinued,0,1
pkm_sv4a_box,pokemon,シャイニートレジャーex BOX,SV4a,,BOX,box,2023-12-01,シャイニートレジャーex BOX シュリンク付き,シャイニートレジャー|BOX,開封済|バラ|カートン|デッキビルド|プロキシ,https://www.suruga-ya.jp/product/detail/630023905,https://www.suruga-ya.jp/kaitori/kaitori_detail/630023905,active,0,1
pkm_sv8a_box,pokemon,テラスタルフェスex BOX,SV8a,,BOX,box,2024-12-06,テラスタルフェスex BOX シュリンク付き,テラスタルフェス|BOX,開封済|バラ|カートン|デッキビルド|プロキシ,https://www.suruga-ya.jp/product/detail/630025525,https://www.suruga-ya.jp/kaitori/kaitori_detail/630025525,active,0,1
pkm_sv7_box,pokemon,ステラミラクル BOX,SV7,,BOX,box,2024-07-19,ステラミラクル BOX シュリンク付き,ステラミラクル|BOX,開封済|バラ|カートン|デッキビルド|プロキシ,https://www.suruga-ya.jp/product/detail/630024951,https://www.suruga-ya.jp/kaitori/kaitori_detail/630024951,active,0,1
pkm_sv6_box,pokemon,変幻の仮面 BOX,SV6,,BOX,box,2024-04-26,変幻の仮面 BOX シュリンク付き,変幻の仮面|BOX,開封済|バラ|カートン|デッキビルド|プロキシ,https://www.suruga-ya.jp/product/detail/630024625,https://www.suruga-ya.jp/kaitori/kaitori_detail/630024625,active,0,1
pkm_25th_golden_box,pokemon,25th ANNIVERSARY GOLDEN BOX,S8a-G,,BOX,box,2021-10-22,25th ANNIVERSARY GOLDEN BOX 未開封,GOLDEN BOX,開封済|バラ|プロキシ,https://www.suruga-ya.jp/product/detail/620021101,https://www.suruga-ya.jp/kaitori/kaitori_detail/620021101,discontinued,0,1
pkm_classic_box,pokemon,ポケモンカードゲーム Classic,Classic,,BOX,box,2023-10-20,ポケモンカードゲーム Classic 未開封,Classic,開封済|バラ|プロキシ,https://www.suruga-ya.jp/product/detail/620023311,https://www.suruga-ya.jp/kaitori/kaitori_detail/620023311,discontinued,0,1
op_op01_003_luffy_lp,onepiece,モンキー・D・ルフィ リーダーパラレル,OP01,OP01-003,L-P,single,2022-07-08,ルフィ パラレル OP01-003,ルフィ|パラレル,PSA|BGS|ARS|プロキシ|スリーブ|デッキ|まとめ|セット,https://www.suruga-ya.jp/product/detail/GL498265,https://www.suruga-ya.jp/kaitori/kaitori_detail/GL498265,discontinued,0,1
op_op01_001_zoro_lp,onepiece,ロロノア・ゾロ リーダーパラレル,OP01,OP01-001,L-P,single,2022-07-08,ゾロ パラレル OP01-001,ゾロ|パラレル,PSA|BGS|ARS|プロキシ|スリーブ|デッキ|まとめ|セット,https://www.suruga-ya.jp/product/detail/GL498261,https://www.suruga-ya.jp/kaitori/kaitori_detail/GL498261,discontinued,0,1
op_op01_002_law_lp,onepiece,トラファルガー・ロー リーダーパラレル,OP01,OP01-002,L-P,single,2022-07-08,ロー パラレル OP01-002,ロー|パラレル,PSA|BGS|ARS|プロキシ|スリーブ|デッキ|まとめ|セット,https://www.suruga-ya.jp/product/detail/GL498263,https://www.suruga-ya.jp/kaitori/kaitori_detail/GL498263,discontinued,0,1
op_op01_016_nami_p,onepiece,ナミ パラレル,OP01,OP01-016,R-P,single,2022-07-08,ナミ パラレル OP01-016,ナミ|パラレル,PSA|BGS|ARS|プロキシ|スリーブ|デッキ|まとめ|セット|スーパーパラレル,https://www.suruga-ya.jp/product/detail/GL498280,https://www.suruga-ya.jp/kaitori/kaitori_detail/GL498280,discontinued,0,1
op_op01_016_nami_sp,onepiece,ナミ スーパーパラレル,OP01,OP01-016,SP,single,2022-07-08,ナミ スーパーパラレル OP01-016,ナミ|スーパーパラレル,PSA|BGS|ARS|プロキシ|スリーブ|デッキ|まとめ|セット,https://www.suruga-ya.jp/product/detail/GN605091,https://www.suruga-ya.jp/kaitori/kaitori_detail/GN605091,discontinued,0,1
op_op01_120_shanks_sp,onepiece,シャンクス スーパーパラレル(刻印なし),OP01,OP01-120,SEC-SP,single,2022-07-08,シャンクス スーパーパラレル OP01-120,シャンクス|スーパーパラレル,PSA|BGS|ARS|プロキシ|スリーブ|デッキ|まとめ|セット,https://www.suruga-ya.jp/product/detail/GL500243,https://www.suruga-ya.jp/kaitori/kaitori_detail/GL500243,discontinued,0,1
op_op01_121_yamato_p,onepiece,ヤマト SEC パラレル,OP01,OP01-121,SEC-P,single,2022-07-08,ヤマト パラレル OP01-121,ヤマト|パラレル,PSA|BGS|ARS|プロキシ|スリーブ|デッキ|まとめ|セット,https://www.suruga-ya.jp/product/detail/GL498503,https://www.suruga-ya.jp/kaitori/kaitori_detail/GL498503,discontinued,0,1
op_op02_120_uta_p,onepiece,ウタ SEC パラレル,OP02,OP02-120,SEC-P,single,2022-11-04,ウタ パラレル OP02-120,ウタ|パラレル,PSA|BGS|ARS|プロキシ|スリーブ|デッキ|まとめ|セット,https://www.suruga-ya.jp/product/detail/GL653501,https://www.suruga-ya.jp/kaitori/kaitori_detail/GL653501,discontinued,0,1
op_op02_073_sadi_p,onepiece,サディちゃん パラレル,OP02,OP02-073,R-P,single,2022-11-04,サディちゃん パラレル OP02-073,サディ|パラレル,PSA|BGS|ARS|プロキシ|スリーブ|デッキ|まとめ|セット,https://www.suruga-ya.jp/product/detail/GL653447,https://www.suruga-ya.jp/kaitori/kaitori_detail/GL653447,discontinued,0,1
op_op06_007_shanks_p,onepiece,シャンクス SR パラレル,OP06,OP06-007,SR-P,single,2024-02-24,シャンクス パラレル OP06-007,シャンクス|パラレル,PSA|BGS|ARS|プロキシ|スリーブ|デッキ|まとめ|セット,https://www.suruga-ya.jp/product/detail/GN273180,https://www.suruga-ya.jp/kaitori/kaitori_detail/GN273180,active,0,1
op_op07_118_sabo_p,onepiece,サボ SEC パラレル,OP07,OP07-118,SEC-P,single,2024-05-25,サボ パラレル OP07-118,サボ|パラレル,PSA|BGS|ARS|プロキシ|スリーブ|デッキ|まとめ|セット,https://www.suruga-ya.jp/product/detail/GN407105,https://www.suruga-ya.jp/kaitori/kaitori_detail/GN407105,active,0,1
op_op01_035_okiku_sp,onepiece,お菊 パラレル SP,OP01,OP01-035,SP,single,,お菊 SP OP01-035,お菊,PSA|BGS|ARS|プロキシ|スリーブ|デッキ|まとめ|セット,https://www.suruga-ya.jp/product/detail/GN407109,https://www.suruga-ya.jp/kaitori/kaitori_detail/GN407109,active,0,1
op_op09_001_shanks_lp,onepiece,シャンクス リーダーパラレル,OP09,OP09-001,L-P,single,2024-11-23,シャンクス パラレル OP09-001,シャンクス|パラレル,PSA|BGS|ARS|プロキシ|スリーブ|デッキ|まとめ|セット,https://www.suruga-ya.jp/product/detail/GN648868,https://www.suruga-ya.jp/kaitori/kaitori_detail/GN648868,active,0,1
op_st01_001_luffy_gold,onepiece,モンキー・D・ルフィ 金箔押し,ST01,ST01-001,L-P,promo,,ルフィ 金箔押し ST01-001,ルフィ|金箔,PSA|BGS|ARS|プロキシ|スリーブ|デッキ|まとめ|セット,https://www.suruga-ya.jp/product/detail/GL771061,https://www.suruga-ya.jp/kaitori/kaitori_detail/GL771061,discontinued,0,1
op_p041_luffy_promo,onepiece,モンキー・D・ルフィ プロモ P-041,PROMO,P-041,P,promo,,ルフィ プロモ P-041,ルフィ|P-041,PSA|BGS|ARS|プロキシ|スリーブ|デッキ|まとめ|セット,https://www.suruga-ya.jp/product/detail/GL985334,https://www.suruga-ya.jp/kaitori/kaitori_detail/GL985334,discontinued,0,1
op_premium_25th,onepiece,プレミアムカードコレクション 25周年エディション,PREMIUM,,BOX,box,,ワンピースカード プレミアムカードコレクション 25周年エディション,25周年,開封済|バラ|プロキシ,https://www.suruga-ya.jp/product/detail/620022485,https://www.suruga-ya.jp/kaitori/kaitori_detail/620022485,discontinued,0,1
op_premium_girls,onepiece,プレミアムカードコレクション ガールズエディション,PREMIUM,,BOX,box,,ワンピースカード プレミアムカードコレクション ガールズエディション,ガールズエディション,開封済|バラ|プロキシ,https://www.suruga-ya.jp/product/detail/620024247,https://www.suruga-ya.jp/kaitori/kaitori_detail/620024247,discontinued,0,1
op_premium_live_action,onepiece,プレミアムカードコレクション Live Action Edition,PREMIUM,,BOX,box,,ワンピースカード プレミアムカードコレクション Live Action Edition,Live Action,開封済|バラ|プロキシ|vol.2|Vol.2,https://www.suruga-ya.jp/product/detail/620024266,https://www.suruga-ya.jp/kaitori/kaitori_detail/620024266,discontinued,0,1
fw_fb02_139_vegito_scr,fusionworld,ベジット パラレル SCR☆☆,FB02,FB02-139,SCR☆☆,single,2024-05-10,フュージョンワールド ベジット SCR FB02-139,ベジット|SCR,PSA|BGS|ARS|プロキシ|スリーブ|デッキ|まとめ|セット|ヒーローズ,https://www.suruga-ya.jp/product/detail/GN503991,https://www.suruga-ya.jp/kaitori/kaitori_detail/GN503991,active,0,1
fw_fb02_140_gfreeza_scr,fusionworld,ゴールデンフリーザ パラレル SCR☆,FB02,FB02-140,SCR☆,single,2024-05-10,フュージョンワールド ゴールデンフリーザ SCR FB02-140,フリーザ|SCR,PSA|BGS|ARS|プロキシ|スリーブ|デッキ|まとめ|セット|ヒーローズ,https://www.suruga-ya.jp/product/detail/GN503994,https://www.suruga-ya.jp/kaitori/kaitori_detail/GN503994,active,0,1
fw_fb04_129_goku_scr2,fusionworld,孫悟空 パラレル SCR☆☆,FB04,FB04-129,SCR☆☆,single,,フュージョンワールド 孫悟空 SCR FB04-129,孫悟空|SCR,PSA|BGS|ARS|プロキシ|スリーブ|デッキ|まとめ|セット|ヒーローズ,https://www.suruga-ya.jp/product/detail/GN733087,https://www.suruga-ya.jp/kaitori/kaitori_detail/GN733087,active,0,1
fw_e21_gogeta_marker,fusionworld,エナジーマーカー ゴジータ 金箔押し,PROMO,E-21,P,promo,,フュージョンワールド エナジーマーカー ゴジータ 金箔押し,ゴジータ|金箔,PSA|BGS|ARS|プロキシ|スリーブ|まとめ|セット|ヒーローズ,https://www.suruga-ya.jp/product/detail/GN808140,https://www.suruga-ya.jp/kaitori/kaitori_detail/GN808140,discontinued,0,1
fw_fs03_broly_deck,fusionworld,スタートデッキ ブロリー FS-03,FS03,,DECK,box,,フュージョンワールド スタートデッキ ブロリー FS-03,ブロリー|FS-03,開封済|バラ|プロキシ,https://www.suruga-ya.jp/product/detail/620024235,https://www.suruga-ya.jp/kaitori/kaitori_detail/620024235,active,0,1
